<?xml version="1.0" encoding="UTF-8"?>
<!DOCTYPE hibernate-configuration SYSTEM 
"http://www.hibernate.org/dtd/hibernate-configuration-3.0.dtd">
<hibernate-configuration>
<session-factory>
<property name = "hibernate.connection.url">jdbc:mysql://localhost:3306/jean_db</property>
<property name = "hibernate.connection.username">root</property> 
<property name = "hibernate.connection.password">Basil@4445</property>

 <!-- JDBC connection pool (use the built-in) -->
   <property name="connection.pool_size">100</property> 

  <!-- SQL dialect -->
   <property name="dialect">org.hibernate.dialect.MySQL8Dialect</property> 

  <!-- Enable Hibernate's automatic session context management -->
    <property name="current_session_context_class">thread</property> 
  
  <!-- Disable the second-level cache -->
   <property name="cache.provider_class">org.hibernate.cache.NoCacheProvider</property> 

  <!-- Echo all executed SQL to stdout -->
   <property name="show_sql">true</property> 
  
  <!-- Drop and re-create the database schema on startup -->
   <property name="hbm2ddl.auto">update</property> 
    <mapping class="com.student.Student"/>
   </session-factory> 
</hibernate-configuration>